,0,1,2,3,4,5,6,7,8,9,10,11,12,13,14,15,16,17,18,19,20,21,22,23,24,25,26,27,28,29,30,31,32,33,34,35,36,37,38,39,40,41,42,43,44,45,46,47,48,49,50,51,52,53,54,55,56,57,58,59,60,regioes_id
0,-3.7659,0.8267,-0.049,0.0169,-0.0262,0.0212,-0.022,-0.0363,-0.0127,0.0103,0.0106,0.0001,0.0017,-0.0232,0.0204,-0.0186,-0.3887,0.0147,-0.047,0.018,0.0219,-0.7775,-0.0183,-0.0023,-2309.0663,-0.0008,-0.0061,-3.5568,2.3577,-17.3474,0.2912,0.0102,0.0501,-2152.148,-0.0023,-0.0166,1.7687,0.0007,-1.8545,0.0057,11.1096,0.0161,-0.1456,-2.2231,-793035.0883,-68706075.5344,108447.6914,0.0087,39.552,0.0285,0.0261,-0.7661,0.0075,-0.2513,0.0001,-791411.074,33.9194,0.0,-0.9654,0.0001,-0.0001,2
1,1.5929,-0.2284,-0.4465,0.1139,0.1098,-0.0688,0.0999,0.1554,0.0464,-0.0484,-0.049,-0.004,-0.0162,0.0481,-0.0358,0.0922,0.4582,-0.1424,0.4635,-0.062,-0.1438,0.9164,0.3333,0.0559,-446.9229,-0.0084,0.0249,1.1956,-20.6994,-5.0278,-23.8947,-0.0831,-0.1086,-200.2641,0.0315,0.1039,-13.8574,0.0281,0.7497,0.0242,-32.7678,-0.0609,0.4454,0.9992,-1379101.2146,-739406.7938,-1521973.6679,0.068,-13.2724,-0.0029,-0.0027,0.5915,0.0395,0.1384,0.0041,-1372428.2251,-115.2508,0.0002,0.9783,0.0041,0.001,4
2,1.6625,-1.7957,-0.4528,-0.1591,0.0756,-0.0939,0.0589,0.0431,0.0129,-0.0266,-0.0277,-0.0041,-0.011,0.0238,-0.049,0.0437,0.4032,-0.0181,0.0905,-0.0561,-0.0244,0.8065,0.0006,-0.0209,-155.462,0.0091,-0.0457,1.4391,-1.8636,0.5848,-1.9679,-0.0986,-0.276,-189.0789,0.0738,0.0843,-0.9939,0.0526,1.2413,-0.0267,-7.1016,-0.0702,0.2907,-0.0984,-27290.458,-57640.8945,-20019.2402,0.0342,-3.3507,-0.0245,-0.0416,-0.4368,0.0158,0.0345,0.0223,-25821.2746,-28.5649,0.0071,0.0565,0.0005,0.0437,5
3,2.6903,0.9853,-0.1044,0.2214,0.0488,0.0452,0.0404,0.1003,0.0327,-0.019,-0.0194,0.0004,-0.0028,-0.0182,0.0758,0.0344,0.3364,-0.0878,0.3477,0.0513,-0.0703,0.6729,0.2864,0.0675,196.5014,-0.0597,0.09,2.2575,-5.2869,-15.8363,-0.7445,-0.016,0.031,405.093,0.0294,0.03,-2.7389,0.0333,1.6254,-0.0068,11.7771,-0.0415,0.1698,2.0723,-228349.4591,-1215517.7191,-30872.9421,-0.0491,18.2577,0.011,0.013,1.5488,-0.0311,0.1856,0.0026,-220201.4119,-6.2384,-0.0003,1.0245,0.0003,-0.0007,7
4,1.7806,2.7125,0.0723,0.3361,0.0489,0.0374,0.0378,0.0601,0.0226,-0.0171,-0.0178,0.001,-0.0009,-0.0145,0.0515,0.0289,0.2338,-0.0539,0.2989,0.0338,-0.0501,0.4677,0.2367,0.0963,-101.484,-0.0329,0.112,2.006,-2.9026,-15.1714,-0.3896,-0.0181,0.0333,985.9541,0.0264,0.0308,-1.6156,0.0293,1.5859,-0.0092,1.3638,-0.0452,0.3507,2.6438,-893132.8706,-7045029.8774,-110006.9692,-0.0474,38.2235,0.0357,0.0363,2.0086,-0.0167,0.0203,0.0013,-885855.2594,-40.4817,-0.0,1.2969,0.0007,0.0004,8
5,0.7339,-1.8803,0.3484,-0.038,0.0277,-0.0383,0.0251,0.0542,0.0169,-0.0122,-0.0123,-0.0003,-0.0029,0.0316,-0.0281,0.0232,0.1184,-0.0253,0.0873,-0.0481,-0.0216,0.2368,0.0581,-0.0026,26.6732,-0.0078,0.0009,1.0018,-3.4351,-21.1947,-0.4825,-0.0142,-0.0646,59.6273,0.0189,0.0195,-1.6029,0.0223,0.8629,-0.0076,0.2409,-0.025,0.1246,1.1436,-64109.2234,-501288.298,-8008.9107,-0.042,2.7451,0.0149,0.0148,0.863,-0.0202,0.0414,0.0009,-62518.0547,-0.3618,-0.0002,0.5185,0.0,0.0001,10
6,-2.1243,-1.0222,0.1311,-0.078,-0.0213,-0.0206,-0.0088,-0.0144,-0.0099,0.0024,0.0031,-0.0013,-0.0021,0.0193,-0.0261,0.0013,-0.3127,-0.0012,-0.0655,-0.0284,-0.0109,-0.6253,-0.0448,-0.0248,-35.951,0.018,-0.0612,-2.1557,-0.6098,-24.2393,0.1669,0.0356,-0.0301,-99.4508,-0.0169,-0.0089,-0.3953,-0.0118,-1.5096,0.0241,-0.0977,0.025,-0.2196,-1.3349,4476.7522,-378217.1883,12805.2803,0.0432,0.0939,0.0253,0.0185,-0.2754,0.0166,-0.1654,-0.0,-26119.7835,3.8029,0.0001,-0.5856,0.0006,-0.003,11
7,1.1438,-0.027,-0.0195,-0.0218,0.011,-0.0319,0.0098,0.0384,0.0101,-0.0047,-0.0048,0.0023,0.0013,0.0234,-0.0235,0.009,0.2039,-0.0055,0.0372,-0.0311,0.0086,0.4077,0.0243,-0.0027,24.3018,-0.0173,0.0165,0.9979,-1.8893,5.0416,-1.1178,-0.0319,0.0025,29.8477,0.0111,0.0034,-0.3839,0.023,0.591,-0.0055,3.6537,-0.0183,0.1111,1.3955,-82123.2693,-278045.9493,-29699.6044,-0.0383,4.6283,0.0419,0.0572,1.3094,-0.0016,-0.0396,0.0019,-68876.0223,-161.6264,-0.0012,0.318,-0.0036,-0.0004,12
8,1.1559,0.1552,0.0131,0.0459,0.0421,-0.0269,0.0386,0.0948,0.0268,-0.0187,-0.0189,-0.0013,-0.0063,0.0184,-0.0096,0.0359,0.2294,-0.0584,0.18,-0.0217,-0.0477,0.4588,0.1343,0.022,13.4855,-0.0531,0.0401,1.0655,-2.995,4.7967,-1.3729,-0.0421,-0.0179,35.9484,0.0268,0.0248,-0.6051,0.046,0.7148,-0.011,0.8503,-0.0512,0.1267,0.5833,-33736.9707,36893.9311,-10400.379,-0.0764,0.9666,-0.0069,0.0076,0.2299,-0.0305,0.1481,0.0013,-25901.4186,24.0243,-0.0116,0.3735,0.0015,-0.0096,13
9,2.1047,-1.2008,-0.4289,-0.1529,0.0561,-0.0986,0.0245,0.0225,0.0152,-0.0075,-0.0091,0.0037,0.0035,0.0251,-0.0706,0.0019,0.564,0.0212,-0.002,-0.0568,0.0206,1.128,-0.0396,-0.0242,-68.3989,-0.0063,0.008,2.3302,-0.2354,18.751,-4.0061,-0.176,-0.0466,-67.0345,0.0165,0.019,-0.1171,0.0116,1.6805,-0.0538,-0.8417,-0.0957,0.7294,0.8011,-26649.892,16991.3541,-35680.3518,0.1109,2.5349,0.0213,0.0312,0.4551,0.0868,0.161,0.0083,-23760.5378,-38.7265,0.0011,0.7846,-0.0072,0.0098,14
10,2.0142,0.3501,0.295,-0.0715,0.0276,-0.0471,0.0018,0.0398,0.0297,0.0032,0.0017,0.0052,0.0084,0.0186,-0.046,-0.0186,0.5076,0.0399,-0.0178,-0.0393,0.0901,1.0153,-0.041,-0.011,-85.1385,-0.0301,0.0765,2.4326,-0.0578,12.3348,-2.1542,-0.1531,0.0512,-62.6926,0.0165,0.0011,0.0423,0.0149,1.8839,-0.0656,-2.8231,-0.1377,0.7412,1.295,-23237.7252,-16328.4999,-22747.0144,0.0655,3.1948,0.0,0.0019,0.5182,0.059,0.4218,0.01,-20270.8832,-27.014,0.0008,0.7756,-0.0065,0.0127,15
11,1.8929,1.8392,-0.4005,0.0613,0.071,-0.0548,0.0495,0.0993,0.0428,-0.0216,-0.0226,-0.001,-0.0052,0.0416,-0.0522,0.035,0.2395,-0.0313,0.1441,-0.047,-0.027,0.4791,0.0779,0.0331,132.8976,-0.0171,0.0932,1.6894,-7.0609,-64.2131,-0.7423,-0.0099,-0.0993,379.8091,0.0308,0.0373,-4.1866,0.0325,1.4141,-0.0032,11.0517,-0.0534,0.3242,1.5151,-420812.6045,-5184971.8193,-38161.752,-0.0175,25.4587,0.0202,0.024,1.4293,-0.006,0.1273,0.0037,-414706.9859,-5.5262,-0.0001,1.0467,0.0012,0.0003,16
12,0.1664,-2.6289,0.4772,-0.2411,-0.0194,-0.0656,-0.0135,-0.0,-0.0003,0.0058,0.0061,0.0007,0.0022,0.0252,-0.0585,-0.0092,0.0319,0.0214,-0.1089,-0.0557,0.0355,0.0638,-0.0983,-0.0651,71.0862,0.0005,-0.032,0.2699,0.7451,13.0146,0.0146,-0.006,0.0289,31.9076,-0.0137,-0.0229,0.4621,-0.0093,0.0172,-0.0041,4.174,0.0123,-0.0098,0.3619,12967.5484,180171.367,1225.2052,-0.0175,3.8391,0.0198,0.0256,0.504,-0.0022,-0.0371,0.0001,13488.2025,1.8817,-0.0004,-0.0099,-0.0022,-0.0035,17
13,0.1329,-1.7175,0.1083,-0.2049,-0.0215,-0.0705,-0.0168,-0.0217,-0.0086,0.0076,0.0079,0.0012,0.0033,0.0331,-0.0693,-0.0126,0.0222,0.0438,-0.1409,-0.0703,0.0485,0.0444,-0.1219,-0.0566,49.0808,0.005,-0.0274,0.3172,1.9293,16.048,0.2144,-0.0036,0.0694,19.1352,-0.0191,-0.0352,1.0401,-0.0156,0.1078,-0.0017,2.1832,0.0211,0.0108,0.014,13966.3851,138708.3567,591.7518,0.0192,1.4892,0.0056,0.028,0.3557,0.0077,0.1096,-0.0005,15355.3474,0.5341,-0.0023,0.1089,-0.003,-0.011,18
14,2.3573,1.8132,0.21,0.1138,0.1338,-0.058,0.0805,0.0982,0.0509,-0.0324,-0.035,0.0018,-0.0026,0.0321,-0.0527,0.0436,0.4964,-0.0394,0.2056,-0.0466,-0.0687,0.9927,0.0859,0.0619,-61.4548,-0.0069,0.0399,2.4749,-1.592,3.7791,-1.5044,-0.1234,-0.1456,-22.766,0.0513,0.06,-0.8091,0.0421,2.0164,-0.0613,-0.7561,-0.04,0.247,3.0837,-18677.3943,-23137.4662,-12362.3377,-0.06,1.7406,0.0347,0.0362,1.6577,0.0044,-0.029,0.0073,-20241.3988,-12.8924,0.0005,2.184,-0.0021,0.0231,24
15,0.27,-0.1823,0.0805,0.0312,0.0451,-0.0297,0.0502,0.0903,0.0226,-0.0259,-0.0256,-0.0052,-0.0131,0.0269,-0.0254,0.0541,0.0628,-0.0838,0.1845,-0.0267,-0.079,0.1255,0.1385,0.0191,5.9886,-0.0235,-0.0083,0.3132,-0.9809,-2.5695,-0.505,-0.0332,-0.0346,10.2365,0.0224,0.0246,-0.2835,0.029,0.3223,-0.0139,0.1486,-0.0087,-0.048,0.2086,-977.476,-1547.9425,-801.7318,-0.0535,0.1737,0.0031,-0.008,-0.0302,-0.022,0.0132,-0.0006,-1267.4307,4.2137,-0.0193,0.1955,0.0047,-0.0191,26
16,3.7572,3.4722,-0.4864,0.2524,0.0819,0.0052,0.0503,0.1068,0.0527,-0.0208,-0.022,-0.0002,-0.0036,0.0061,0.0277,0.0307,0.4331,-0.0574,0.2897,0.0175,-0.0465,0.8662,0.2109,0.0836,17.882,-0.0368,0.1382,3.5376,-2.0042,11.0228,-0.2974,-0.0176,0.0544,99.1972,0.0246,0.0248,-0.9598,0.0262,2.395,-0.0096,2.258,-0.053,0.3503,2.8631,-41682.9136,-210567.8511,-4735.9152,-0.0467,5.2591,0.0131,0.0187,1.5914,-0.0201,0.2243,0.0035,-38827.2457,-1.5149,-0.0004,1.3617,0.0012,0.0049,28
17,-0.1034,0.4993,-0.1221,0.1053,0.0318,0.017,0.0267,0.0287,0.008,-0.0123,-0.0128,-0.0017,-0.0047,-0.0027,0.0176,0.0202,-0.013,-0.0244,0.1377,0.0004,-0.0279,-0.026,0.0996,0.0343,-15.5115,-0.0198,0.0296,-0.17,-0.0203,-0.0801,-0.0209,0.0114,0.0601,-17.4878,-0.0015,0.0011,-0.0118,-0.0004,-0.1969,0.0127,-0.9497,0.0036,0.0488,-0.3799,333.3684,3861.5117,-101.43,0.0353,-0.6075,0.0111,0.0135,-0.0933,0.0218,-0.0853,-0.0008,352.1789,-0.6332,0.0009,0.1172,0.0024,0.009,31
18,-4.9148,0.8059,0.0119,0.119,-0.0266,0.0434,-0.0227,-0.039,-0.0134,0.0107,0.0109,-0.0002,0.001,-0.0425,0.0418,-0.0195,-0.5284,-0.0017,0.0005,0.0325,-0.0007,-1.0569,0.0302,0.0231,-2990.976,-0.007,0.0136,-4.6864,2.2939,-48.9233,0.4215,0.0168,0.0849,-2246.7086,-0.0038,-0.0166,1.6676,-0.0013,-2.4775,0.0095,-20.2065,0.0082,-0.1328,-3.508,-996894.8193,-87220097.6779,155893.5312,0.0209,25.0276,0.0299,0.0274,-1.5042,0.0152,-0.2344,-0.0001,-996993.3256,80.7504,0.0,-1.1789,0.0007,-0.0002,41
19,1.6531,0.2983,-0.3765,0.1292,0.1084,-0.0566,0.0898,0.142,0.0485,-0.0422,-0.043,-0.0024,-0.0121,0.0391,-0.0225,0.0769,0.4782,-0.1214,0.4351,-0.0449,-0.1225,0.9564,0.313,0.0594,-475.0045,-0.0153,0.0637,1.3593,-17.0099,2.019,-21.0783,-0.0918,-0.0388,-255.9467,0.0277,0.0905,-11.5112,0.0243,0.8767,0.0209,-21.9417,-0.078,0.5636,1.0712,-1100949.2446,-499443.7763,-1236829.4132,0.0866,-4.1304,0.0001,-0.0006,0.6334,0.0516,0.1868,0.0056,-1094414.4766,-146.8384,0.0002,1.3228,0.0028,0.0023,43
20,1.787,-1.0954,-0.3062,-0.1166,0.0527,-0.0728,0.0431,0.0286,0.0067,-0.0197,-0.0206,-0.0017,-0.0065,0.0171,-0.0334,0.0323,0.4254,-0.0095,0.0582,-0.0401,-0.0192,0.8508,-0.0053,-0.016,-159.7243,0.0127,-0.0474,1.549,-1.7584,1.1586,-1.9475,-0.1051,-0.2701,-203.9412,0.0708,0.0798,-0.956,0.0493,1.3351,-0.0352,-8.1733,-0.0919,0.359,-0.0663,-25390.5453,-56425.5298,-18232.2781,0.0375,-2.6249,-0.0084,-0.0178,-0.1846,0.0213,0.0092,0.0255,-23987.6421,-26.6411,0.009,0.1535,-0.0018,0.0612,44
21,2.3902,0.7126,-0.1623,0.1799,0.0496,0.0296,0.0422,0.1069,0.0339,-0.02,-0.0204,-0.0001,-0.004,-0.0071,0.057,0.037,0.3151,-0.0866,0.3189,0.0342,-0.063,0.6303,0.2593,0.0574,219.5867,-0.0517,0.0742,1.9773,-6.1213,-29.7487,-0.8339,-0.0166,-0.0177,386.8315,0.0331,0.0329,-3.1239,0.0381,1.5174,-0.0065,11.4931,-0.0502,0.1449,1.7324,-237800.4533,-1684897.8983,-31025.8977,-0.0399,20.9789,0.0247,0.0264,1.4737,-0.0223,0.1455,0.0029,-229810.5535,-2.992,-0.0004,0.8115,0.0006,-0.0014,46
22,2.5799,3.8566,-0.1811,0.36,0.064,0.0279,0.0455,0.0711,0.0294,-0.0199,-0.0209,0.0009,-0.0013,-0.0066,0.0382,0.0315,0.3274,-0.0511,0.2961,0.0243,-0.0535,0.6547,0.223,0.106,24.4302,-0.033,0.1229,2.6469,-2.9862,-12.8843,-0.3832,-0.019,0.0081,1208.7636,0.0294,0.0345,-1.7007,0.0324,1.9847,-0.0093,1.6421,-0.0473,0.3085,2.9402,-804389.9945,-4472093.326,-111702.4873,-0.0503,36.3111,0.0267,0.0267,2.172,-0.022,0.0677,0.0013,-797988.9246,-45.1391,-0.0,1.6663,0.0008,0.0005,47
23,0.41,-0.6702,0.1873,-0.034,0.0247,-0.0429,0.0224,0.0504,0.0161,-0.0108,-0.011,-0.0005,-0.0029,0.0358,-0.0355,0.0208,0.0716,-0.0171,0.0649,-0.0468,-0.0109,0.1432,0.0401,-0.0023,29.7867,-0.0069,0.0128,0.6519,-3.2001,-25.9352,-0.4189,-0.0096,-0.0622,55.6325,0.0183,0.0176,-1.4305,0.0219,0.6648,-0.0044,1.1386,-0.0244,0.0614,0.6122,-89854.9221,-1039976.9752,-9819.4832,-0.0266,3.2107,0.0152,0.0186,0.7308,-0.0137,0.0327,0.0012,-84543.2255,0.5257,-0.0002,0.3709,0.0003,-0.0002,49
24,-1.3649,-0.963,0.1543,-0.1026,-0.0283,-0.0198,-0.016,-0.0231,-0.0122,0.006,0.0068,-0.0004,0.0003,0.0174,-0.0226,-0.0059,-0.2255,0.0059,-0.0856,-0.0243,0.0002,-0.4511,-0.0623,-0.0327,-32.9896,0.0227,-0.0713,-1.2696,-0.3219,-16.4109,0.2211,0.0254,-0.0196,-109.4875,-0.0192,-0.0125,-0.2762,-0.0154,-0.9152,0.0149,-2.3022,-0.0017,-0.1805,-0.7678,-11864.2879,-258167.3606,519.8684,0.0131,-0.3808,0.0288,0.0245,0.0237,0.0005,-0.0969,-0.0006,-10429.1018,2.8251,0.0002,-0.3393,-0.0008,-0.0005,50
25,1.3026,0.0783,0.039,0.0216,0.0109,0.0084,0.0116,0.0402,0.0101,-0.0059,-0.0059,0.0018,0.0003,0.0011,0.0184,0.0121,0.2424,-0.0243,0.0946,0.0142,-0.0046,0.4848,0.0831,0.0081,14.6783,-0.025,0.0252,1.2679,-2.2814,11.501,-1.1451,-0.0463,0.0334,30.1959,0.0132,0.0061,-0.648,0.0253,0.7265,-0.0173,2.2065,-0.0353,0.1014,1.7394,-76789.918,-91331.6103,-28442.4198,-0.0796,3.5534,0.0344,0.0474,1.3887,-0.0224,0.02,0.0014,-64062.162,-9.3115,-0.0012,0.2737,-0.0022,0.0012,51
26,3.548,0.371,-0.0598,0.0488,0.0347,0.0019,0.0297,0.0927,0.0259,-0.0141,-0.0143,0.0039,0.0008,0.0057,0.0166,0.0259,0.6117,-0.0494,0.1723,0.017,-0.0314,1.2234,0.1346,0.0209,1.9249,-0.0673,0.0614,3.4656,-2.2665,36.4847,-2.1808,-0.0975,0.0457,25.6559,0.0209,0.0137,-0.1734,0.0423,1.9607,-0.0374,2.8531,-0.0465,0.2396,2.9607,-68944.5816,42456.1378,-34811.005,-0.1464,2.3543,0.0044,0.046,1.6384,-0.0522,0.3313,0.0034,-48171.872,-24.3854,-0.0103,0.8072,-0.0044,0.0013,52
27,-0.054,-2.2676,0.4423,-0.2056,-0.0175,-0.0647,-0.0154,-0.0097,-0.0021,0.0073,0.0075,0.0012,0.0033,0.0228,-0.058,-0.0135,0.0155,0.0266,-0.1196,-0.063,0.0328,0.031,-0.1086,-0.0558,74.077,0.0045,-0.0309,0.0854,1.1831,13.3007,0.077,-0.0082,0.0365,31.663,-0.0166,-0.0253,0.6502,-0.0131,-0.1201,-0.0063,3.6528,0.0133,-0.0286,-0.3123,16008.178,212640.5946,855.2113,-0.0125,3.0084,0.0098,0.0119,-0.0399,-0.002,-0.0013,-0.0004,16710.8989,0.8359,-0.0003,0.0129,-0.0023,-0.0028,53
28,-0.1598,-1.615,0.2192,-0.1846,-0.0215,-0.0803,-0.015,-0.0234,-0.0094,0.0065,0.0069,0.0004,0.0015,0.0375,-0.0862,-0.0096,-0.0262,0.0445,-0.1714,-0.0829,0.0403,-0.0523,-0.1491,-0.0515,46.1649,0.012,-0.0386,-0.0167,2.1228,14.1301,0.3519,-0.0053,0.0263,13.6675,-0.017,-0.0318,1.076,-0.0134,-0.0936,-0.0038,2.5073,0.0247,-0.0677,-0.6304,12396.461,127758.1504,-369.9534,0.0357,1.9062,0.0273,0.0457,0.2248,0.0287,-0.0126,0.0,15491.4751,1.7094,-0.0016,-0.1082,-0.0022,-0.0106,54
29,-0.1755,-0.1198,0.0491,0.0205,0.0367,-0.0456,0.0387,0.066,0.0182,-0.0197,-0.0196,-0.0062,-0.0119,0.032,-0.0451,0.0405,-0.0486,-0.0609,0.1172,-0.0543,-0.0576,-0.0973,0.0814,0.0143,13.7981,-0.0154,-0.0086,-0.1814,-0.4205,-2.8701,0.0668,0.0202,-0.0123,12.4601,0.0098,0.0083,-0.0907,0.0147,-0.0562,0.0137,0.4928,0.0249,-0.0582,-0.2686,2824.5481,17196.2372,1401.9527,-0.01,0.2503,0.0169,0.0176,-0.0709,0.0163,-0.0147,-0.0016,1621.6873,15.9905,-0.0112,0.1499,0.0066,-0.0214,58
30,3.3648,4.7943,-0.6926,0.2967,0.0839,0.0105,0.0494,0.1064,0.0554,-0.02,-0.0214,-0.0003,-0.0034,0.0038,0.0305,0.0288,0.3974,-0.0589,0.2886,0.0219,-0.0474,0.7947,0.2103,0.0951,9.3775,-0.034,0.1411,3.1149,-1.9768,9.7391,-0.3106,-0.0194,0.049,89.5335,0.0241,0.0234,-0.9691,0.0255,2.1476,-0.0112,1.0675,-0.0515,0.2615,2.4567,-27498.2739,-63852.1713,-3548.0653,-0.0611,3.7114,0.0017,0.0048,1.522,-0.0367,0.2457,0.0028,-26665.0869,-1.2745,-0.0004,1.301,0.0012,0.0051,60
31,-0.6426,0.6121,-0.2027,0.0917,0.0309,0.0098,0.0245,0.025,0.008,-0.0111,-0.0116,-0.0053,-0.009,-0.003,0.0144,0.0185,-0.1323,-0.0199,0.1173,0.0032,-0.0143,-0.2645,0.0862,0.0306,-36.4482,-0.0177,0.024,-0.7159,-0.1142,-2.3065,0.083,0.0527,0.0318,-43.9557,0.0041,0.0071,-0.0587,0.0032,-0.5887,0.0454,-0.5219,0.0104,0.0188,-1.2885,-1298.1525,-9485.9705,-109.0304,0.0922,-1.1976,-0.0056,-0.0078,-0.6142,0.0355,-0.0524,0.0046,-1189.8196,2.9977,0.0017,-0.3417,0.0064,0.0071,63
32,-2.5013,-2.0424,-0.182,-0.3666,-0.0741,-0.0923,-0.0291,-0.0587,-0.0374,0.0079,0.0101,-0.0045,-0.0072,0.0378,-0.1038,0.0029,-0.3517,0.0354,-0.2929,-0.1455,0.0485,-0.7033,-0.2242,-0.1102,-659.0461,0.0718,-0.1845,-2.7216,-0.5163,-14.7725,0.0308,0.0284,-0.3217,-1309.0341,0.0134,0.0198,-0.327,0.008,-2.0917,0.0242,-50.7748,0.0475,-0.4068,-3.4388,-29136.3825,-384375.4922,-2586.3255,0.0295,-65.8754,-0.012,-0.0154,-2.1058,0.014,-0.2587,0.0124,-29040.5895,-6.3666,0.0011,-2.1372,0.0007,0.0047,77
33,1.2879,14.2266,-0.2961,0.8501,0.5974,-0.0017,0.1935,0.1543,0.1665,-0.0477,-0.0589,-0.0089,-0.0153,-0.0336,0.078,-0.0054,0.1806,-0.0366,0.3755,0.0534,-0.0527,0.3612,0.211,0.3619,-14.8899,-0.0499,0.3635,1.6485,-0.221,1.8121,-0.0478,-0.0066,0.1134,-12.7088,0.039,0.0272,-0.0815,0.0236,1.5781,-0.0018,-0.5724,-0.0581,0.371,2.1602,-457.2475,-3659.6369,-69.3665,-0.0589,0.3242,0.0123,0.027,1.3464,-0.0338,0.1816,0.0345,-353.7541,-0.655,0.0151,2.2659,0.022,0.151,85
34,2.437,12.1014,-1.7928,0.4222,0.0469,0.011,0.0054,0.0329,0.0475,0.0022,0.0013,0.0005,0.0022,0.0001,-0.0001,-0.0135,0.2844,0.0149,0.0196,0.0199,0.0167,0.5688,0.0066,0.1173,3.927,-0.0144,0.2056,2.0462,0.4388,28.7994,-0.0431,-0.0142,0.1011,15.1014,-0.008,-0.015,0.266,-0.0052,1.0291,-0.0109,1.2727,-0.0159,0.166,1.2899,-1777.5666,14697.7056,-296.2096,-0.0305,1.1174,0.0024,0.0114,0.6639,-0.0056,0.1758,0.0021,-1136.9368,-0.4757,-0.0008,0.473,0.0022,0.0095,251
35,2.379,13.3776,-0.882,0.8118,0.0578,0.0706,0.014,0.0578,0.0528,-0.0017,-0.0028,0.0027,0.0043,-0.011,0.0297,-0.007,0.2831,-0.0193,0.2091,0.0392,-0.018,0.5662,0.1585,0.2174,9.6686,-0.0168,0.1606,2.3697,-0.0124,13.1432,-0.0747,-0.0297,0.1396,28.3379,-0.0059,-0.0053,0.0257,-0.0011,1.5911,-0.0262,0.4273,-0.0274,0.1685,2.2521,488.9205,21347.0222,-3.7819,-0.0743,0.6208,-0.0072,-0.009,0.8779,-0.0439,0.2259,-0.0004,390.3393,0.0171,-0.0022,0.9829,0.0003,0.0132,252
36,1.8581,7.5932,-1.1066,0.3281,0.0355,0.0196,-0.0035,0.0275,0.0443,0.0064,0.0055,0.0017,0.0046,0.0005,-0.0067,-0.021,0.2347,0.0177,-0.0174,0.008,0.0211,0.4694,-0.0138,0.0909,7.3999,-0.0027,0.106,1.5383,0.2274,16.7116,-0.0515,-0.0218,0.0558,14.2507,-0.0054,-0.014,0.1546,-0.0021,0.8813,-0.0181,0.502,-0.0065,0.067,1.4679,604.4536,18790.2166,17.6272,-0.0532,0.6418,0.0086,0.0277,1.0898,-0.0265,0.1333,-0.0003,678.2438,-0.0182,-0.0025,0.6075,-0.0001,0.0115,253
37,1.5809,5.7004,-1.0755,0.202,0.0062,0.0201,-0.0225,0.0283,0.0523,0.0143,0.014,0.0016,0.006,0.0136,-0.0317,-0.0324,0.2051,0.0234,-0.0437,-0.016,0.0378,0.4101,-0.024,0.052,5.0881,-0.0047,0.0851,1.0934,0.4054,14.7723,-0.0055,-0.0181,0.0804,3.203,-0.0214,-0.0257,0.2258,-0.0113,0.3956,-0.0162,0.5691,-0.0191,0.0479,0.7821,797.3909,18518.3132,76.3996,-0.0343,0.9208,0.0087,0.0195,0.4798,-0.0065,0.1376,0.0016,735.1763,-0.0295,-0.0022,0.2818,0.0004,0.0017,254
38,2.0919,4.8436,-0.8256,-0.089,-0.0142,-0.0394,-0.0197,-0.01,0.0161,0.01,0.0103,0.0018,0.0049,0.0164,-0.0384,-0.0178,0.2288,0.0399,-0.1589,-0.0223,0.0472,0.4575,-0.1328,-0.0258,10.7486,0.0093,0.0269,1.8893,0.6049,25.9056,-0.0221,-0.0151,0.007,2.4838,-0.0097,-0.0184,0.3554,-0.0067,1.0213,-0.0114,1.1448,0.0089,0.0002,1.217,855.5973,45818.0822,-77.9303,-0.0333,1.0161,0.0143,0.0222,0.8126,-0.0095,0.0595,0.0063,1074.8191,-0.3829,0.0034,0.5895,-0.0042,0.0333,255
39,1.1678,-0.1198,0.1948,-0.0198,0.0295,-0.0392,0.0197,0.051,0.0189,-0.0084,-0.0089,0.0037,0.0027,0.0208,-0.0152,0.0132,0.2509,-0.0085,0.0917,-0.0042,-0.0004,0.5019,0.0509,0.0024,30.4073,-0.0513,0.0602,1.029,0.2362,3.8261,-0.0842,-0.0497,0.2339,47.221,-0.0313,-0.0273,0.1133,-0.0179,0.7276,-0.0424,3.9954,-0.0593,0.1464,0.8555,257.4982,2301.327,10.5869,-0.0277,7.1834,0.0117,0.0149,0.4833,-0.0039,0.1998,-0.0096,259.1812,-5.6307,-0.0157,0.6829,-0.0017,-0.0372,1000
40,-0.6672,-1.0846,-0.0311,-0.2411,-0.0926,-0.049,-0.0725,-0.0988,-0.0346,0.0329,0.0343,0.0013,0.0094,0.0182,-0.0682,-0.055,-0.1304,0.0921,-0.3707,-0.0697,0.105,-0.2609,-0.2659,-0.0834,60.8543,0.0433,-0.0699,-0.6114,1.3464,4.0633,0.3939,0.0175,0.0439,-80.7572,-0.0656,-0.0599,0.5589,-0.059,-0.7267,-0.0017,1.2595,0.0346,-0.1349,-0.9329,56504.7586,292510.4879,15523.8539,0.0492,0.635,0.0284,0.0235,-0.245,0.033,-0.2677,-0.0022,46266.8695,26.2749,0.0,-0.5995,-0.0033,-0.0043,1002
41,-1.4224,-0.7356,0.1008,-0.1606,-0.1222,0.0389,-0.0874,-0.1233,-0.0483,0.0379,0.0402,0.0019,0.0105,-0.0236,0.036,-0.0575,-0.2859,0.0648,-0.2974,0.0349,0.0794,-0.5718,-0.1618,-0.0707,61.0677,0.024,-0.0497,-1.2231,1.2935,0.1779,0.5514,0.0659,0.1244,-256.7843,-0.0716,-0.0625,0.5407,-0.064,-1.1339,0.0339,-4.9673,-0.0071,-0.1692,-1.3123,193703.3601,580520.565,69473.439,0.05,-2.5432,-0.0094,-0.0127,-0.8007,0.0125,-0.0461,-0.0025,165367.9644,26.8367,-0.0,-0.8027,-0.0025,-0.0014,1003
42,-1.163,-1.1377,0.0071,-0.2272,-0.1649,0.0261,-0.1043,-0.1436,-0.063,0.0423,0.0461,0.0039,0.0127,-0.0128,0.0184,-0.0538,-0.2087,0.0682,-0.3794,0.0217,0.0951,-0.4174,-0.2027,-0.098,106.1393,0.0486,-0.0965,-1.2078,0.8044,1.3069,0.2351,0.0245,0.0384,-187.6462,-0.0702,-0.0568,0.341,-0.0535,-1.2744,0.0082,-9.7557,-0.0194,-0.2343,-1.5098,54390.771,248319.6994,13713.1856,0.0546,-4.8072,0.0208,0.0183,-0.781,0.0422,-0.1281,-0.0065,51368.8309,9.5336,-0.0,-0.9998,-0.006,-0.0022,1005
43,0.8784,-0.28,-0.0374,-0.0605,-0.0263,-0.0031,-0.0192,-0.0126,-0.0059,0.0085,0.0089,0.0076,0.0103,0.0019,-0.0042,-0.0137,0.1846,0.0163,-0.0481,-0.0059,0.0258,0.3693,-0.029,-0.0217,39.484,-0.0011,-0.0017,0.8238,0.8238,12.346,-0.1589,-0.0605,0.1481,-0.3623,-0.0393,-0.0393,0.3876,-0.0313,0.2665,-0.0482,0.4637,-0.0442,0.2638,1.3242,-201.409,73445.4035,-4430.5577,-0.0508,1.9836,0.0221,0.0309,0.8426,-0.0,0.0776,-0.0017,3100.1596,-10.7825,-0.0007,0.3377,-0.0091,0.0034,1006
44,0.3467,-0.3081,-0.0762,-0.0452,-0.0538,0.0282,-0.0378,-0.0484,-0.0193,0.0163,0.0173,0.0031,0.007,-0.0131,0.0282,-0.0241,0.0724,0.0149,-0.1152,0.0247,0.0259,0.1448,-0.0515,-0.0247,151.3696,0.011,-0.0292,0.2667,0.7332,9.7059,-0.0202,-0.026,0.0866,-75.6426,-0.0434,-0.0379,0.3018,-0.0392,-0.1946,-0.0255,-6.0077,-0.0448,-0.0392,0.755,122963.9001,900991.2882,19150.5877,-0.0545,1.8094,0.0307,0.026,0.6183,-0.0177,-0.0331,-0.0024,112242.9345,4.456,-0.0002,-0.1472,-0.003,-0.0004,1007
45,-2.1123,-1.9283,0.0812,-0.3823,-0.2145,0.01,-0.1482,-0.2025,-0.0815,0.0634,0.0675,0.0024,0.016,-0.0158,0.0025,-0.0929,-0.406,0.1223,-0.5887,0.0071,0.1548,-0.812,-0.3572,-0.1492,200.104,0.0554,-0.1218,-1.9075,2.0587,2.57,0.7342,0.0768,0.1158,-775.1809,-0.1093,-0.0985,0.8978,-0.0947,-1.8551,0.0372,-3.9404,0.0518,-0.3809,-2.1449,527228.2978,1878478.268,205588.9371,0.1195,-6.3022,0.0106,0.0046,-1.2903,0.0706,-0.2865,-0.0038,390116.6053,73.6008,-0.0,-1.5718,-0.0046,-0.0016,1008
46,-0.2859,-0.6591,0.0212,-0.1254,-0.05,-0.0198,-0.0361,-0.0463,-0.0184,0.0158,0.0167,0.0028,0.0072,0.0074,-0.0255,-0.0243,-0.0454,0.0309,-0.1782,-0.0213,0.0296,-0.0908,-0.1224,-0.0439,184.1706,0.0236,-0.0505,-0.1826,0.6423,4.0125,0.0853,-0.0092,0.0238,-141.6998,-0.0346,-0.0307,0.2399,-0.0323,-0.3449,-0.0133,4.5018,-0.0069,0.0234,-0.0394,63376.9295,252533.7485,18919.4572,0.0221,6.1222,0.0164,0.0139,0.0086,0.0225,-0.0638,-0.0001,61028.5128,4.345,-0.0001,0.0862,-0.0038,0.0004,1009
47,0.3134,-0.571,-0.0748,-0.1262,-0.074,-0.005,-0.0527,-0.058,-0.024,0.0229,0.0242,0.0056,0.012,-0.0017,-0.0083,-0.0351,0.0683,0.0441,-0.1969,-0.0055,0.0663,0.1365,-0.124,-0.05,30.1413,0.0148,-0.0282,0.2844,0.6812,6.9262,0.0319,-0.0207,0.0968,-54.9947,-0.054,-0.0447,0.2943,-0.042,-0.1565,-0.0223,-1.4719,-0.0143,0.0302,0.7826,14827.5338,132395.6839,1726.1116,-0.0507,-0.1162,0.0246,0.0193,0.5908,-0.0244,-0.0469,-0.0032,13966.673,-5.2806,0.0,-0.0896,-0.0066,0.0032,1010
48,-1.8802,-2.1762,-0.0362,-0.399,-0.1753,-0.0336,-0.1161,-0.1684,-0.07,0.0485,0.0522,0.0013,0.0107,0.0032,-0.0441,-0.0667,-0.3217,0.1028,-0.5486,-0.0369,0.126,-0.6433,-0.3501,-0.1436,331.3338,0.0595,-0.1315,-1.9185,1.4889,2.5689,0.4166,0.0417,0.0335,-646.7212,-0.0878,-0.0775,0.634,-0.0746,-1.9135,0.0185,5.6732,0.1353,-0.6139,-2.8144,356877.7808,1731307.5664,85620.9094,0.1634,-7.8453,0.0169,0.0134,-1.5948,0.101,-0.4627,-0.0043,326282.5627,57.2574,-0.0,-1.466,-0.0036,-0.0016,1011
49,-0.4027,1.0469,0.0955,0.088,-0.0732,0.1088,-0.0542,-0.0612,-0.0235,0.0239,0.0252,0.0048,0.0118,-0.0546,0.1201,-0.0372,-0.0837,0.0039,-0.0187,0.108,0.0105,-0.1675,0.0603,0.0037,-81.2264,-0.0083,0.0216,-0.272,0.8072,4.6619,0.2157,0.0101,0.2017,-235.8047,-0.0416,-0.0393,0.367,-0.0356,-0.4207,-0.0017,-9.1087,-0.1007,0.203,0.6137,-36931.4858,-360510.8839,-3972.2835,-0.0092,6.5886,0.0252,0.0247,0.4269,0.0083,0.1356,0.0002,-34910.2885,-6.8872,0.0,0.353,-0.0031,0.0038,1012
50,-0.3821,0.052,-0.0262,0.0151,-0.0744,0.0673,-0.0462,-0.0598,-0.0274,0.0186,0.0203,0.0024,0.0062,-0.0264,0.0721,-0.0231,-0.0544,0.01,-0.0794,0.0657,0.0269,-0.1087,0.0014,-0.0148,78.8515,0.0074,-0.0214,-0.4822,0.4456,2.7081,0.0565,-0.0006,0.0871,-85.1156,-0.0396,-0.0324,0.1856,-0.0302,-0.6496,-0.0049,-8.5155,-0.0247,-0.158,-0.8272,50561.1105,334558.6761,8144.1543,-0.004,-3.8864,0.0136,0.012,-0.4466,0.0055,-0.0308,-0.0041,48565.4685,2.9185,-0.0,-0.5117,-0.0019,-0.0008,1013
51,-0.5568,2.3399,0.3309,0.2314,-0.0588,0.1412,-0.0468,-0.0442,-0.0145,0.0212,0.0222,0.0072,0.0153,-0.0665,0.1524,-0.0342,-0.1158,-0.0109,0.0777,0.1438,-0.0092,-0.2316,0.1392,0.0432,-78.5113,-0.0202,0.0625,-0.3152,0.5947,0.9682,0.2508,0.0186,0.2275,-126.4093,-0.0374,-0.032,0.2653,-0.0305,-0.3329,0.0037,-7.2239,-0.1019,0.2564,0.5795,-14336.16,-198780.4797,1290.8204,-0.0223,1.6891,0.012,0.0121,0.373,-0.0088,0.2059,-0.0,-13157.6296,-9.6845,0.0001,1.08,-0.0044,0.0107,1014
52,-1.2434,-1.3486,-0.0035,-0.2387,-0.0986,-0.0159,-0.0709,-0.1014,-0.0387,0.0309,0.0327,0.001,0.0076,0.0002,-0.0225,-0.0473,-0.2068,0.0599,-0.338,-0.0213,0.0622,-0.4135,-0.2207,-0.0843,292.3147,0.0348,-0.0808,-1.1156,1.2832,3.5093,0.3081,0.0164,0.0461,-334.2785,-0.0625,-0.0556,0.5264,-0.0592,-1.1376,-0.0,-3.6423,0.0134,-0.0825,-0.8811,327605.3052,1633778.3914,80051.3349,0.0768,0.9235,0.0298,0.0243,-0.3903,0.0575,-0.224,-0.0025,298289.2097,46.7066,-0.0001,-0.7414,-0.0025,-0.0011,1015
53,1.7854,0.104,-0.0419,0.0032,-0.0169,0.0145,-0.0114,0.0091,0.0022,0.0048,0.0052,0.0053,0.0079,-0.0003,0.0117,-0.0069,0.3298,-0.0002,0.0231,0.009,0.0187,0.6596,0.03,-0.0034,39.7485,-0.014,0.0215,1.7597,0.3273,12.8544,-0.2294,-0.0699,0.1259,13.9459,-0.032,-0.0273,0.1659,-0.0223,0.9698,-0.0556,0.6815,-0.0348,0.1226,1.6982,4388.338,151120.6119,-2207.4024,-0.1295,1.3515,-0.0027,-0.0001,1.0379,-0.0757,0.1482,-0.0014,5782.0608,-5.4395,-0.0005,0.4752,-0.0053,0.0037,1016
54,-1.2983,-1.2279,-0.0366,-0.2244,-0.162,0.0425,-0.1087,-0.1485,-0.0621,0.0456,0.049,0.0021,0.0121,-0.025,0.0356,-0.0635,-0.2427,0.0711,-0.3662,0.0362,0.0897,-0.4853,-0.1971,-0.0966,82.7087,0.0393,-0.0837,-1.3419,1.3369,3.0507,0.4352,0.0503,0.1183,-197.5516,-0.0858,-0.0719,0.5611,-0.0724,-1.44,0.0248,-0.9922,0.006,-0.1562,-1.3159,70270.7369,260792.5265,25217.4259,0.0852,0.3469,0.0169,0.0127,-0.5647,0.0458,-0.1363,-0.0023,56037.6246,27.4812,-0.0,-1.0488,-0.0024,-0.0027,1017
55,-0.5706,-0.9955,-0.0032,-0.2247,-0.116,-0.0121,-0.0823,-0.1092,-0.0425,0.0356,0.0378,0.0032,0.012,-0.0013,-0.0217,-0.0535,-0.1179,0.0742,-0.3499,-0.0164,0.0847,-0.2358,-0.2221,-0.0852,66.1536,0.038,-0.0769,-0.5012,1.0982,3.855,0.3338,0.0192,0.0398,-147.8648,-0.0637,-0.0543,0.4532,-0.0562,-0.6501,-0.0001,1.0071,0.0064,-0.1323,-0.3454,99031.6885,285275.4553,52234.9564,0.0115,1.795,0.0331,0.0143,-0.0634,0.0115,-0.2209,-0.0009,32597.2228,21.7707,-0.0001,-0.4277,-0.0051,-0.0011,1018
56,-0.4416,-0.972,0.0428,-0.1961,-0.1109,0.0082,-0.0778,-0.0995,-0.0398,0.0334,0.0356,0.0044,0.0131,-0.0079,0.0058,-0.0495,-0.0858,0.0613,-0.2925,0.0133,0.0762,-0.1717,-0.172,-0.0767,27.7336,0.0307,-0.0639,-0.3316,0.882,3.8117,0.2356,0.0101,0.0593,-69.9171,-0.0564,-0.0495,0.3672,-0.0479,-0.5007,-0.0044,-0.6898,-0.0117,-0.1253,-0.4078,25162.2501,71692.8695,9152.4604,-0.0063,0.7215,0.0255,0.0201,-0.1811,0.0087,-0.0642,-0.0015,17686.9125,7.5747,-0.0002,-0.2461,-0.0057,0.0004,1019
57,-0.9294,-0.9728,0.0468,-0.2121,-0.1257,0.0051,-0.0875,-0.116,-0.0462,0.0375,0.0399,0.0032,0.0125,-0.0064,-0.0012,-0.0548,-0.1891,0.0708,-0.3387,0.0025,0.092,-0.3781,-0.2016,-0.0844,70.2223,0.0332,-0.0681,-0.7859,1.0807,1.7355,0.4271,0.0418,0.0718,-157.879,-0.0696,-0.059,0.4551,-0.0585,-0.8355,0.0161,-1.4453,0.0118,-0.1898,-0.7315,102207.5621,270681.244,51218.9416,0.0321,0.1594,0.0249,0.0154,-0.2861,0.0248,-0.2253,-0.0025,72568.9875,596.749,-0.0001,-0.5408,-0.0048,-0.0013,1020
58,-1.0838,-1.0699,0.0324,-0.1786,-0.1741,0.0394,-0.0986,-0.1276,-0.0626,0.0372,0.0417,0.0009,0.0077,-0.0088,0.0189,-0.0369,-0.1983,0.0409,-0.3193,0.0211,0.0633,-0.3966,-0.1518,-0.0882,47.2999,0.0377,-0.0883,-1.1843,0.4812,0.1186,0.1864,0.0312,0.0219,-78.403,-0.0631,-0.048,0.1946,-0.0424,-1.2322,0.0153,-6.5698,0.003,-0.2823,-1.3495,21522.0676,95578.5427,5995.2913,0.0355,-3.2733,0.0363,0.0274,-0.5741,0.0345,-0.2476,-0.0098,19127.2884,49.7493,-0.0002,-1.0972,-0.0021,-0.0051,1021
59,-1.4202,-1.6491,-0.0484,-0.2874,-0.1833,0.0337,-0.1186,-0.1613,-0.0701,0.0488,0.0528,0.004,0.0141,-0.0228,0.0321,-0.0644,-0.2633,0.078,-0.4223,0.0335,0.1062,-0.5267,-0.2263,-0.1177,159.4508,0.0414,-0.0964,-1.442,1.1781,2.6124,0.3701,0.0514,0.0991,-676.2067,-0.0862,-0.0714,0.5161,-0.0674,-1.532,0.0288,-7.733,-0.0064,-0.1711,-1.1959,253078.0217,1255051.1906,57159.4362,0.0639,-2.7429,0.004,0.003,-0.6878,0.0333,-0.0766,-0.0023,192892.9562,21.7542,-0.0,-1.2895,-0.0057,-0.0009,1022
60,-0.6945,-0.5471,-0.0719,-0.1564,-0.0724,-0.0336,-0.0518,-0.0729,-0.0269,0.0224,0.0238,0.0015,0.0067,0.0117,-0.0453,-0.0336,-0.1328,0.0544,-0.2629,-0.0354,0.0637,-0.2656,-0.1782,-0.0572,86.0671,0.0239,-0.0428,-0.6722,0.9978,2.7253,0.2954,0.0232,0.061,-28.1237,-0.0557,-0.0489,0.4364,-0.0473,-0.7399,0.0074,0.3872,0.0028,-0.0245,-0.4735,46037.8514,240443.5229,11270.1441,0.0255,0.7946,0.0284,0.0205,-0.1214,0.0289,-0.1961,-0.0037,40925.2263,10.043,-0.0003,-0.3766,-0.002,-0.0035,1023
61,-1.4132,-1.7626,-0.056,-0.3116,-0.155,0.005,-0.1046,-0.1509,-0.0629,0.0441,0.0472,0.0023,0.0115,-0.0113,-0.0067,-0.0622,-0.2618,0.085,-0.4319,-0.0079,0.1063,-0.5236,-0.2613,-0.1167,196.3918,0.0423,-0.0976,-1.3793,1.5074,3.555,0.4769,0.0507,0.0854,-668.1654,-0.0833,-0.0718,0.6477,-0.073,-1.4534,0.0249,-6.4679,0.0087,-0.1507,-1.0599,356863.5415,1645283.6172,107729.8386,0.0634,-2.3553,0.0194,0.017,-0.5236,0.041,-0.162,-0.0024,308910.7502,52.3922,-0.0,-1.1805,-0.0045,-0.0011,1024
62,-1.1238,-0.6119,-0.0444,-0.1199,-0.154,0.0846,-0.107,-0.1449,-0.058,0.0458,0.0488,0.0035,0.0138,-0.0446,0.0855,-0.0673,-0.2133,0.0601,-0.3036,0.0787,0.0788,-0.4267,-0.1331,-0.0685,147.7743,0.0283,-0.0545,-1.1494,1.4717,5.2396,0.4183,0.0399,0.1843,-379.1489,-0.0867,-0.0755,0.6319,-0.074,-1.3425,0.0166,-14.5796,-0.0446,-0.0761,-0.8842,142655.3497,628986.6502,42270.4858,0.07,-5.3179,0.0001,-0.0003,-0.4771,0.036,0.0311,-0.0044,135426.8871,25.6965,-0.0,-1.0503,-0.0032,-0.0013,1025
63,-1.5346,-0.5197,0.2151,-0.122,-0.0753,0.0192,-0.0609,-0.0805,-0.029,0.0281,0.029,0.0043,0.0119,-0.0162,0.0196,-0.0484,-0.2963,0.057,-0.2176,0.0314,0.0653,-0.5926,-0.1356,-0.0493,20.5849,0.0178,-0.0312,-1.2852,1.2925,-0.8781,0.5588,0.0515,0.1284,-96.7067,-0.0561,-0.0528,0.5659,-0.0518,-1.0777,0.0233,0.8046,0.0003,0.0296,-0.8279,25963.1081,7618.2573,12683.7595,0.072,0.3582,0.004,0.0057,-0.5009,0.0449,-0.0486,-0.0011,24351.4534,2.1942,0.0,-0.1864,-0.0052,0.0009,1026
64,-1.531,-0.9389,0.0182,-0.2106,-0.1177,-0.001,-0.0885,-0.1226,-0.0457,0.0394,0.0413,0.0002,0.0093,-0.0065,-0.0081,-0.0634,-0.3041,0.0836,-0.3768,-0.0063,0.0965,-0.6082,-0.2384,-0.0821,100.9085,0.0358,-0.0688,-1.4034,1.3356,0.488,0.5623,0.0673,0.0751,-485.461,-0.0723,-0.0646,0.5577,-0.0642,-1.2904,0.0344,-5.0051,0.0013,-0.2058,-1.0268,566511.0436,2284573.4386,217742.9663,0.0391,-3.7076,0.01,0.0049,-0.456,0.0121,-0.1267,-0.0022,478763.1438,84.3076,-0.0,-0.8962,-0.0008,-0.0011,1027
65,-1.3348,-1.0451,0.0436,-0.2037,-0.1149,0.0148,-0.0858,-0.1229,-0.046,0.0381,0.04,0.0007,0.0089,-0.0162,0.0084,-0.0608,-0.2582,0.0733,-0.3479,0.0102,0.0916,-0.5164,-0.2139,-0.0796,132.3392,0.0329,-0.067,-1.1457,1.4388,1.7914,0.5171,0.0487,0.0814,-1020.4799,-0.0675,-0.0609,0.613,-0.0628,-1.0963,0.0213,-34.1122,-0.0532,-0.1731,-0.153,1102338.879,5818682.6529,253644.6843,-0.0483,-15.79,0.008,0.0054,-0.0014,-0.0345,-0.0201,-0.0028,1036234.9443,76.7268,0.0,-0.9752,-0.0018,-0.0005,1028
66,-2.047,-1.9797,-0.0122,-0.3692,-0.2242,0.0181,-0.1476,-0.1981,-0.0841,0.0614,0.0661,0.0025,0.0153,-0.016,0.0092,-0.0839,-0.3918,0.1103,-0.5586,0.0075,0.1457,-0.7835,-0.3239,-0.1483,282.0534,0.0535,-0.119,-1.9431,1.6174,1.9861,0.5975,0.0789,0.1032,-604.4627,-0.1043,-0.0906,0.7117,-0.0845,-1.9238,0.0438,-4.7473,0.0357,-0.317,-1.7977,338220.4586,1263630.6765,125778.46,0.1093,-4.8234,0.0098,0.0065,-0.9964,0.0623,-0.2432,-0.0043,285263.9946,87.8856,-0.0,-1.6007,-0.0046,-0.0017,1029
67,-1.169,-1.4177,-0.0157,-0.2493,-0.0983,-0.0142,-0.0678,-0.0983,-0.0397,0.0289,0.0308,0.0015,0.0075,0.0021,-0.022,-0.0419,-0.1891,0.0565,-0.3231,-0.0192,0.0639,-0.3783,-0.2095,-0.0869,158.6997,0.0335,-0.0817,-1.0643,1.1933,3.1224,0.2751,0.0109,0.04,-591.3797,-0.0587,-0.0504,0.5012,-0.0543,-1.0882,-0.0028,-5.05,-0.0084,-0.0252,-0.348,298922.8849,1360619.4284,82603.7541,0.057,4.9564,0.0405,0.035,-0.0324,0.053,-0.2074,-0.0012,269549.8453,33.0422,-0.0,-0.7555,-0.0031,-0.0005,1030
68,-1.664,-1.0862,0.126,-0.2059,-0.1711,0.0682,-0.1214,-0.1616,-0.0639,0.0526,0.0557,0.0044,0.0166,-0.0411,0.07,-0.0791,-0.3218,0.0773,-0.3823,0.0669,0.0972,-0.6437,-0.1935,-0.0942,118.3341,0.0329,-0.0742,-1.4646,1.7126,3.0356,0.6105,0.0646,0.1806,-556.4408,-0.0961,-0.0845,0.7303,-0.0836,-1.5053,0.0308,-6.1724,-0.0234,-0.1266,-1.4745,313027.6249,837256.7084,155895.6957,0.0908,0.0004,0.0136,0.0086,-0.7121,0.0456,-0.1044,-0.0025,232149.5035,61.6032,-0.0,-0.9957,-0.0051,-0.001,1031
69,-0.134,-1.1092,0.0153,-0.1997,-0.1515,0.0091,-0.0849,-0.0897,-0.0463,0.0319,0.0358,0.0066,0.0137,0.0004,-0.0151,-0.0315,-0.0203,0.0447,-0.2538,-0.0091,0.0738,-0.0405,-0.1429,-0.0878,24.3602,0.0224,-0.0675,-0.1647,0.5772,4.5723,0.0648,-0.0055,0.0566,-28.6604,-0.0604,-0.0457,0.2301,-0.0428,-0.4705,-0.012,-1.2136,-0.0149,-0.117,0.5465,9823.249,82739.706,1277.1363,-0.076,-0.5163,0.0099,0.0132,0.3813,-0.0317,0.0074,-0.0046,7712.8575,-0.2767,-0.0,-0.403,-0.0089,-0.0008,1034
70,-0.4358,-0.6653,0.0681,-0.1255,-0.0504,-0.0023,-0.0367,-0.0469,-0.0185,0.0161,0.017,0.0027,0.007,-0.0024,-0.0045,-0.0247,-0.0684,0.0259,-0.1507,-0.0007,0.0314,-0.1368,-0.0959,-0.044,25.8127,0.0186,-0.0461,-0.314,0.6336,3.4513,0.095,-0.0071,0.0455,-117.6516,-0.0317,-0.0284,0.2449,-0.0298,-0.4026,-0.0122,3.2864,-0.0085,0.1137,0.6116,-39855.9991,-195988.3126,-12155.7703,-0.0091,5.5418,0.0457,0.0395,0.5478,0.0178,-0.1724,0.0008,-28623.5183,0.2422,-0.0001,-0.0337,-0.0039,0.0007,1035
71,0.6252,-0.1779,0.1027,-0.023,0.012,-0.0306,0.0062,0.047,0.0146,-0.0022,-0.0025,0.0051,0.0049,0.0145,-0.0008,0.0019,0.1631,-0.0067,0.072,0.0006,0.0092,0.3261,0.0502,-0.0027,34.7251,-0.0403,0.0376,0.5856,0.4014,3.8627,-0.0484,-0.0563,0.2522,40.2763,-0.0495,-0.0428,0.1868,-0.0301,0.285,-0.0514,1.3989,-0.0613,0.1378,0.3979,430.9024,3136.7983,45.1747,-0.0216,4.329,0.0082,0.0108,0.1977,-0.0004,0.1788,-0.0236,416.2285,-13.085,-0.032,0.4087,-0.0051,-0.0683,2000
72,-0.3362,-0.1133,0.0207,-0.1301,-0.0756,-0.0296,-0.0606,-0.0778,-0.0263,0.0277,0.0288,0.003,0.0096,0.01,-0.0478,-0.0468,-0.0629,0.0664,-0.2858,-0.0535,0.0717,-0.1258,-0.2001,-0.0514,44.7721,0.0367,-0.0542,-0.2865,1.0214,4.1323,0.2399,0.0005,0.0244,-43.7194,-0.0525,-0.0449,0.4375,-0.0458,-0.4428,-0.0107,1.0502,0.0211,-0.0812,-0.6523,21545.3666,107639.9763,6156.5704,0.0291,1.1765,0.0268,0.0251,-0.0534,0.0236,-0.1996,-0.0024,18168.0944,3.4941,-0.0002,-0.3539,-0.0045,-0.0024,2002
73,-1.6001,-0.6958,0.0939,-0.1549,-0.1325,0.0527,-0.0979,-0.1356,-0.0516,0.0432,0.0455,0.0013,0.0116,-0.031,0.052,-0.068,-0.3314,0.0719,-0.3257,0.0515,0.0842,-0.6627,-0.1749,-0.0719,28.6695,0.0262,-0.0522,-1.4137,1.4774,0.1387,0.6944,0.0844,0.1382,-295.2471,-0.0761,-0.0685,0.6398,-0.068,-1.2764,0.0448,-5.2981,0.0031,-0.2203,-1.5799,152114.9034,244991.6082,74670.277,0.0799,-2.808,-0.0011,-0.0045,-0.7736,0.028,-0.0774,-0.0027,132798.3501,51.9294,0.0,-0.8765,-0.0012,-0.0015,2003
74,-0.8476,-1.232,0.0093,-0.1887,-0.1496,0.0437,-0.0945,-0.1301,-0.0569,0.0383,0.0418,0.0043,0.0125,-0.0195,0.0389,-0.0487,-0.1455,0.0537,-0.3112,0.0348,0.0809,-0.2909,-0.1522,-0.0846,108.4167,0.0381,-0.0809,-0.8659,0.7722,1.687,0.2099,0.0112,0.0674,-147.4885,-0.0689,-0.0549,0.316,-0.0532,-0.9752,-0.0035,-9.5166,-0.0298,-0.2251,-0.8589,55023.4624,253658.1598,13095.1144,0.0231,-4.6985,0.0052,0.0033,-0.413,0.0143,-0.0307,-0.006,52166.95,10.3245,-0.0001,-0.7765,-0.006,-0.0019,2005
75,0.8686,-0.1416,-0.0057,-0.0377,-0.0046,-0.0091,-0.0062,0.0121,0.0047,0.0033,0.0032,0.0056,0.0073,0.0058,-0.0041,-0.0068,0.1875,0.0073,0.0053,-0.0061,0.0211,0.3749,0.003,-0.0106,18.5803,-0.008,0.011,0.8099,0.4381,11.0643,-0.2625,-0.0524,0.121,0.0294,-0.0255,-0.027,0.2491,-0.0176,0.3113,-0.0379,1.3813,-0.0433,0.1806,1.1825,-11766.3765,33078.1908,-8445.6616,-0.0952,2.9975,0.0434,0.0534,1.0633,-0.0323,0.0673,0.0006,-6202.2908,-12.1879,-0.0007,0.3932,-0.0063,0.0022,2006
76,0.7223,-0.5199,-0.0678,-0.1226,-0.0524,-0.0159,-0.04,-0.0511,-0.0192,0.018,0.0188,0.003,0.0075,0.0063,-0.0216,-0.0295,0.1462,0.0454,-0.1917,-0.0188,0.0618,0.2924,-0.1319,-0.0437,121.6987,0.0195,-0.0363,0.6342,0.9132,13.3189,-0.0795,-0.0373,0.0517,-129.7808,-0.043,-0.0392,0.3852,-0.0396,0.0191,-0.0317,-1.0932,-0.0244,-0.0953,0.8219,57580.2399,826935.6267,-9711.3688,-0.0875,2.3973,0.0212,0.0197,0.6836,-0.0463,-0.0236,-0.0011,66408.0998,-11.0716,-0.0,-0.1838,-0.0041,-0.0001,2007
77,-1.4237,-1.3887,0.086,-0.2878,-0.17,0.0168,-0.1197,-0.1652,-0.0648,0.0515,0.0548,0.0031,0.0145,-0.0164,0.0124,-0.0765,-0.2578,0.0956,-0.4632,0.0114,0.1236,-0.5157,-0.274,-0.1145,221.5259,0.0444,-0.0904,-1.2067,1.7301,4.7554,0.4627,0.0277,0.1233,-738.622,-0.0937,-0.084,0.7429,-0.0825,-1.3197,0.0036,-6.8343,0.0369,-0.2192,-1.3206,336818.9198,1346218.0833,99449.7633,0.1222,-1.5146,0.029,0.0242,-0.6374,0.0795,-0.289,-0.0031,297697.1275,50.9377,-0.0,-1.1322,-0.0048,-0.0009,2008
78,-0.4188,-0.9215,-0.0284,-0.1799,-0.0475,-0.0354,-0.0354,-0.0451,-0.0171,0.0157,0.0165,0.0015,0.0053,0.016,-0.0419,-0.0249,-0.0668,0.0375,-0.2118,-0.036,0.0471,-0.1335,-0.157,-0.0569,209.8005,0.0271,-0.061,-0.3769,0.6716,4.3677,0.0708,-0.002,-0.0049,-138.5101,-0.0328,-0.0299,0.2735,-0.0308,-0.4903,-0.0066,3.3135,-0.0055,0.0041,-0.161,80300.1689,514868.8281,8495.6177,0.0513,6.8494,0.027,0.0236,-0.0241,0.0476,-0.1255,-0.0002,78546.614,5.8896,-0.0001,0.0021,-0.0031,0.0002,2009
79,-0.1146,-0.6857,-0.0097,-0.1188,-0.0747,0.0065,-0.0536,-0.0592,-0.0245,0.0234,0.0247,0.0035,0.0092,-0.0039,0.0032,-0.0366,-0.0159,0.0433,-0.1823,0.0014,0.0616,-0.0319,-0.1091,-0.0484,18.4313,0.0105,-0.0244,-0.0991,0.7117,4.5139,0.1115,-0.0033,0.1109,-54.5996,-0.0546,-0.0461,0.3121,-0.0425,-0.38,-0.0096,-1.9519,-0.0077,-0.0402,-0.0918,14699.2795,104390.0668,1995.4522,-0.0133,-1.8814,0.0027,0.0025,0.0419,-0.0105,-0.0265,-0.0053,13585.1397,-2.5099,-0.0,-0.4343,-0.0039,-0.0021,2010
80,-1.1194,-1.8104,-0.0221,-0.317,-0.1381,-0.0204,-0.0887,-0.1327,-0.0561,0.0363,0.0394,0.0002,0.007,0.0005,-0.0285,-0.0472,-0.185,0.068,-0.4222,-0.0265,0.0857,-0.37,-0.2635,-0.1138,311.2179,0.0477,-0.1097,-1.2028,1.0887,4.2057,0.2343,0.0205,0.0262,-502.7526,-0.0717,-0.0609,0.4418,-0.0619,-1.3685,0.0061,-5.9338,0.0804,-0.3396,-1.9665,296371.5227,1610216.9202,76611.0768,0.1268,-9.0016,0.0149,0.0107,-1.132,0.0811,-0.3243,-0.004,272383.7376,58.4981,-0.0001,-1.1489,-0.002,-0.0013,2011
81,-0.5559,0.7776,0.1457,0.0248,-0.0756,0.0824,-0.0597,-0.0712,-0.0254,0.0271,0.0282,0.0051,0.0134,-0.0445,0.0919,-0.0452,-0.1242,0.0276,-0.098,0.0981,0.0428,-0.2484,-0.013,-0.0127,-81.3397,0.0042,0.0033,-0.3934,1.0574,3.8124,0.3557,0.0235,0.1783,-307.652,-0.048,-0.0454,0.4699,-0.0433,-0.4706,0.0048,-9.3434,-0.0782,0.0841,0.2406,-3925.8774,-224801.2814,5043.8942,0.0055,1.8304,0.0054,0.0052,0.0696,0.0066,0.166,-0.0004,-3361.7011,-5.1476,0.0,0.4632,-0.0041,0.0039,2012
82,0.0115,0.5068,-0.1207,0.0728,-0.069,0.0818,-0.0444,-0.0581,-0.0258,0.0182,0.0197,0.0026,0.0067,-0.0341,0.0863,-0.0241,0.0155,0.0086,-0.0519,0.0869,0.0272,0.0309,0.0239,0.0009,61.7131,0.0042,-0.0075,-0.104,0.4901,4.837,0.03,-0.0085,0.1048,-97.3547,-0.04,-0.0326,0.202,-0.0317,-0.4026,-0.0108,-6.85,-0.0382,-0.148,-0.362,43552.3977,426298.2472,3290.1463,-0.0428,-0.2642,0.0227,0.0195,-0.0976,-0.0163,-0.0117,-0.0031,41600.7367,-4.8327,-0.0,-0.3741,-0.0015,-0.0002,2013
83,-0.333,1.3297,0.1362,0.1231,-0.068,0.1056,-0.0531,-0.0598,-0.0211,0.024,0.0251,0.0059,0.0138,-0.0473,0.1109,-0.0392,-0.087,0.0108,-0.0223,0.1026,0.0137,-0.174,0.0513,0.0138,-52.8083,0.0002,0.0225,-0.1364,0.7051,2.8997,0.2525,0.0166,0.1732,-146.5651,-0.0411,-0.0354,0.2996,-0.0346,-0.249,0.0018,-7.0514,-0.0939,0.2736,0.7899,-15480.5614,-152080.9241,-447.0803,-0.0107,1.2481,0.0176,0.0155,0.5896,0.0001,0.1352,-0.0005,-13381.3492,-6.219,0.0001,0.5587,-0.0042,0.007,2014
84,-0.9301,-0.9934,0.0117,-0.1968,-0.0927,0.0011,-0.0696,-0.0982,-0.0362,0.031,0.0325,0.0009,0.0078,-0.0082,-0.003,-0.0497,-0.1612,0.0595,-0.306,0.0,0.0738,-0.3224,-0.1947,-0.0724,176.7969,0.0319,-0.0695,-0.7714,1.3007,4.8485,0.318,0.0146,0.0587,-406.4208,-0.0586,-0.0529,0.5457,-0.0565,-0.8828,-0.0013,-9.1444,-0.0101,-0.0509,-0.5558,237542.1921,866515.6372,86944.8234,0.052,1.3838,0.0368,0.0302,-0.2243,0.0467,-0.1836,-0.0019,212557.9388,50.045,-0.0,-0.7244,-0.0017,-0.0008,2015
85,1.181,0.0109,-0.0398,-0.017,-0.0223,0.0082,-0.0146,-0.0026,-0.0025,0.0061,0.0066,0.0044,0.0067,-0.0001,0.0064,-0.0086,0.2298,0.0072,-0.0117,0.0086,0.0289,0.4595,0.0031,-0.0098,34.7183,-0.0083,0.011,1.1896,0.4146,9.49,-0.1663,-0.0554,0.1089,1.9324,-0.0327,-0.0272,0.1872,-0.0252,0.61,-0.0453,1.3287,-0.0151,-0.0071,0.7924,2382.2207,86830.13,-3355.8738,-0.084,2.0339,0.0186,0.0227,0.7082,-0.0411,0.0847,-0.0007,4404.5492,-14.6171,-0.0004,0.2707,-0.0047,0.002,2016
86,-0.792,-0.9149,-0.0687,-0.2073,-0.1503,0.0293,-0.1023,-0.1428,-0.0584,0.0433,0.0463,0.0025,0.0126,-0.0191,0.0199,-0.0615,-0.1607,0.0751,-0.3689,0.0231,0.09,-0.3214,-0.2095,-0.0894,79.8082,0.0397,-0.0751,-0.8118,1.3497,5.0153,0.4071,0.0355,0.1071,-183.2689,-0.0821,-0.0692,0.5664,-0.0703,-1.0193,0.0124,-1.0596,0.0354,-0.2134,-1.3301,95611.7346,371607.9953,37952.8965,0.0755,-0.5595,0.0125,0.0056,-0.7042,0.0409,-0.2099,-0.0029,66409.9185,20.048,-0.0001,-0.7987,-0.0031,-0.0022,2017
87,-1.0015,-0.8932,0.0456,-0.2138,-0.1341,0.0127,-0.0976,-0.136,-0.0517,0.0428,0.0451,0.0031,0.0138,-0.0106,0.0055,-0.0661,-0.2036,0.0861,-0.3786,0.0085,0.0974,-0.4071,-0.2305,-0.087,37.5702,0.0415,-0.0782,-0.9022,1.4063,2.3851,0.5109,0.0413,0.0801,-212.0897,-0.0766,-0.0658,0.5834,-0.0689,-0.9403,0.0123,-4.7324,-0.0038,-0.1692,-1.1819,89571.4773,193929.2664,41673.1501,0.0737,-0.3699,0.0253,0.021,-0.6285,0.0594,-0.1632,-0.0023,62841.3164,20.1958,0.0,-0.5947,-0.0047,-0.0012,2018
88,-1.4219,-0.9763,0.0939,-0.2305,-0.125,0.0058,-0.0929,-0.122,-0.0463,0.0411,0.0432,0.0018,0.0116,-0.0085,-0.0024,-0.0652,-0.2813,0.0857,-0.3703,0.0059,0.1157,-0.5626,-0.2303,-0.0889,15.4297,0.0402,-0.0764,-1.2513,1.2124,0.1623,0.5294,0.0579,0.063,-105.7678,-0.0652,-0.0604,0.5164,-0.0575,-1.1099,0.0261,-1.8658,-0.0234,-0.1461,-0.9385,29386.0976,20066.6223,14872.9322,0.0529,0.7463,0.0359,0.0341,-0.3666,0.0469,-0.122,-0.0018,22722.2767,19.2209,0.0001,-0.727,-0.0032,-0.0019,2019
89,-1.824,-1.0158,0.0763,-0.2413,-0.1502,0.0146,-0.1108,-0.1466,-0.0556,0.0489,0.0514,-0.0,0.0115,-0.0128,0.0066,-0.0768,-0.3736,0.0967,-0.432,0.0112,0.1266,-0.7472,-0.264,-0.0979,55.8811,0.0434,-0.0828,-1.6548,1.4707,-0.8141,0.7511,0.0905,0.0865,-205.7034,-0.0846,-0.0744,0.6211,-0.0736,-1.4688,0.0455,-4.3864,0.0118,-0.2518,-1.7907,167971.815,377444.4491,85681.4612,0.1071,-1.5697,0.0115,-0.0044,-1.002,0.0516,-0.2166,-0.0034,98522.6383,53.6945,-0.0,-1.0201,-0.0013,-0.0034,2020
90,-0.7104,-0.8603,0.0466,-0.1161,-0.1476,0.0506,-0.0868,-0.1105,-0.0524,0.0336,0.0373,0.0021,0.0088,-0.0135,0.04,-0.0373,-0.1296,0.0379,-0.2525,0.0366,0.0644,-0.2593,-0.1087,-0.0659,61.5069,0.0278,-0.0643,-0.8461,0.5103,1.5296,0.1487,0.0211,0.0572,-54.5855,-0.0607,-0.0469,0.2108,-0.0416,-0.9908,0.009,-6.6291,-0.0073,-0.2707,-0.8809,33886.1514,192238.4169,8570.5853,-0.0154,-3.801,0.0123,0.0067,-0.4158,-0.0025,-0.1509,-0.0091,28587.4223,11.4512,-0.0001,-0.9015,-0.0024,-0.0037,2021
91,-1.6502,-1.503,-0.0657,-0.2841,-0.1793,0.0198,-0.1171,-0.1625,-0.0696,0.0483,0.0523,0.0008,0.0104,-0.0149,0.0119,-0.0644,-0.3078,0.0848,-0.4382,0.0075,0.1113,-0.6156,-0.247,-0.1159,166.6992,0.0459,-0.0954,-1.6734,1.1848,1.75,0.3864,0.0591,0.085,-623.8438,-0.0851,-0.0705,0.5209,-0.0664,-1.6917,0.036,-0.8723,0.0236,-0.2111,-1.8242,192608.8901,630517.0265,79498.3658,0.1523,-0.5204,0.0195,0.0179,-0.9736,0.0935,-0.2188,-0.0023,155785.8636,54.844,-0.0,-1.5728,-0.0022,-0.0017,2022
92,-0.4507,-0.379,0.0133,-0.1332,-0.0716,-0.0235,-0.0529,-0.0761,-0.0276,0.0233,0.0246,0.0021,0.0075,0.0069,-0.0366,-0.0365,-0.0806,0.0571,-0.259,-0.0307,0.0609,-0.1613,-0.1772,-0.0512,65.3114,0.0243,-0.0392,-0.3732,0.9407,3.5159,0.2259,0.004,0.0559,-42.7046,-0.0515,-0.045,0.3894,-0.0449,-0.5045,-0.0075,0.552,0.0101,-0.0687,0.006,46951.0,249225.1381,11422.5167,-0.0027,1.3371,0.0457,0.0344,0.23,0.0155,-0.2463,-0.0022,40397.8879,5.2158,-0.0002,-0.4712,-0.0023,-0.0033,2023
93,-1.7714,-1.5557,-0.0183,-0.3047,-0.1597,0.0037,-0.1105,-0.1582,-0.0644,0.0472,0.0503,0.0005,0.0101,-0.0117,-0.0077,-0.0686,-0.3257,0.0946,-0.4568,-0.0046,0.1173,-0.6514,-0.2812,-0.1161,183.046,0.0459,-0.0978,-1.7393,1.6134,2.3713,0.5261,0.0641,0.0863,-689.2173,-0.0868,-0.0752,0.7032,-0.0759,-1.7006,0.0356,0.2951,0.032,-0.2064,-1.7157,340719.1703,932160.7531,139835.1392,0.1374,1.4546,0.0306,0.026,-0.8479,0.0891,-0.2961,-0.0015,276658.1337,65.478,-0.0,-1.4304,-0.0021,-0.0015,2024
94,-0.5655,-0.3166,-0.0431,-0.068,-0.1491,0.0999,-0.1058,-0.1404,-0.0554,0.0458,0.0486,0.0049,0.0155,-0.0521,0.1024,-0.0688,-0.1024,0.0537,-0.2692,0.0915,0.0739,-0.2049,-0.104,-0.0543,128.3001,0.0225,-0.0399,-0.5864,1.466,8.1619,0.2924,0.0092,0.2066,-414.1427,-0.0862,-0.0754,0.63,-0.0736,-0.9653,-0.0059,-15.53,-0.0705,0.0092,-0.2551,111543.0841,672098.5785,21468.2468,0.015,-1.8299,0.0118,0.0108,-0.0496,0.0117,0.0603,-0.0036,109704.0071,12.9562,-0.0,-0.8879,-0.0041,-0.0006,2025
95,-0.8054,0.0264,0.2105,-0.0687,-0.0586,0.0191,-0.0543,-0.0727,-0.0215,0.0261,0.0267,0.0038,0.0111,-0.0154,0.0205,-0.0478,-0.1676,0.0519,-0.1961,0.0299,0.0532,-0.3352,-0.1232,-0.0318,17.9966,0.0196,-0.0191,-0.5203,1.0556,2.1707,0.4099,0.0305,0.1046,-60.1582,-0.0486,-0.0454,0.4483,-0.0449,-0.5378,0.0089,0.4461,-0.0185,0.0424,-0.245,13787.8347,-930.9763,7708.8053,0.0125,1.4237,0.0236,0.0233,0.032,0.0164,-0.0702,0.0004,12012.8846,26.7887,0.0001,-0.0269,-0.0037,0.0048,2026
96,-2.0407,-0.9965,0.0594,-0.2321,-0.1449,0.0164,-0.1097,-0.1504,-0.0559,0.049,0.0513,0.0012,0.0121,-0.0153,0.0097,-0.0794,-0.3999,0.0993,-0.4421,0.0116,0.1164,-0.7999,-0.2733,-0.0942,162.5099,0.0408,-0.0768,-1.8439,1.6205,0.1385,0.6698,0.0822,0.1017,-557.4387,-0.0858,-0.0779,0.6837,-0.0759,-1.6597,0.0435,-7.7709,0.0018,-0.2686,-1.79,627101.0713,2640622.7658,179898.8655,0.0771,-6.1342,0.002,-0.0027,-0.9752,0.0339,-0.1557,-0.003,551928.3405,52.603,-0.0,-1.1596,-0.0027,-0.0014,2027
97,-1.4795,-0.7853,0.0737,-0.1564,-0.1185,0.0463,-0.0905,-0.1289,-0.0475,0.0406,0.0424,0.002,0.0113,-0.0326,0.0432,-0.0663,-0.2899,0.0682,-0.325,0.0462,0.0796,-0.5799,-0.1841,-0.0687,150.4024,0.0295,-0.0585,-1.2789,1.5554,2.0304,0.5995,0.0576,0.1207,-1139.717,-0.0708,-0.0648,0.6664,-0.066,-1.2006,0.0253,-28.7507,-0.031,-0.2756,-0.6926,816806.3107,3510127.5562,223742.1108,-0.0219,-15.8271,0.0,-0.0007,-0.3633,-0.0236,-0.0199,-0.0026,787664.4272,72.7253,0.0,-0.8663,-0.0026,-0.0003,2028
98,-1.8674,-1.5646,0.0469,-0.3093,-0.2074,0.0316,-0.1391,-0.1855,-0.0773,0.0584,0.0627,0.0026,0.0149,-0.0208,0.0257,-0.0813,-0.355,0.1035,-0.496,0.022,0.1354,-0.7101,-0.2776,-0.1292,236.477,0.0458,-0.0938,-1.7291,1.5312,1.8052,0.5279,0.0633,0.1329,-604.4674,-0.1007,-0.087,0.6722,-0.0812,-1.7243,0.0329,0.0035,0.0202,-0.2124,-1.7347,230448.2617,767187.7722,86026.4619,0.1295,2.4542,0.0279,0.0243,-0.8641,0.0841,-0.2443,-0.0028,185465.7049,46.7788,-0.0,-1.5066,-0.0044,-0.0016,2029
99,-0.7809,-1.1145,-0.0206,-0.208,-0.0994,0.0075,-0.0715,-0.1009,-0.0393,0.0311,0.033,0.0025,0.0099,-0.01,0.0022,-0.0475,-0.1365,0.0566,-0.299,0.005,0.0745,-0.2729,-0.1845,-0.0769,81.4941,0.0301,-0.0694,-0.6691,1.3367,6.431,0.2994,0.014,0.0742,-582.3136,-0.0593,-0.0531,0.5912,-0.0548,-0.8486,0.0001,-13.2788,-0.0386,0.0346,0.0984,188472.2793,1003654.052,39691.1216,0.0291,2.9873,0.037,0.0325,0.2054,0.0334,-0.1221,-0.0014,172758.3053,16.6932,-0.0,-0.4841,-0.0037,-0.0,2030
100,-1.2834,-0.7469,0.14,-0.1731,-0.1446,0.0451,-0.1029,-0.1393,-0.0545,0.0446,0.0473,0.0035,0.0138,-0.028,0.0446,-0.0671,-0.234,0.0708,-0.3408,0.0434,0.0922,-0.4679,-0.1813,-0.0794,85.2141,0.0337,-0.0669,-1.1238,1.4456,3.8604,0.3985,0.0302,0.1378,-468.7854,-0.0829,-0.0721,0.6077,-0.0726,-1.225,0.0082,-7.2055,-0.0103,-0.0942,-1.167,130990.0563,410031.9142,43202.0338,0.1065,0.2822,0.0289,0.0243,-0.5947,0.0806,-0.1752,-0.0023,121824.1381,27.2776,-0.0,-0.8569,-0.0042,-0.0008,2031
101,-0.6766,-0.8965,0.0544,-0.1633,-0.1469,0.0247,-0.0859,-0.0937,-0.0454,0.0331,0.0368,0.0042,0.0112,-0.0021,-0.0117,-0.0357,-0.1362,0.0442,-0.2317,-0.0072,0.0691,-0.2725,-0.1213,-0.0776,16.6856,0.0219,-0.059,-0.6709,0.6535,1.5233,0.2101,0.0292,0.0756,-24.1504,-0.0625,-0.0475,0.2622,-0.0454,-0.7723,0.0145,0.1661,0.0368,-0.2463,-0.7592,3123.5782,20134.9647,338.3558,0.02,-0.7753,-0.0222,-0.0197,-0.3659,-0.0119,0.0088,-0.005,4620.5974,0.6214,0.0001,-0.5783,-0.0066,-0.0062,2034
102,-0.5613,-0.5245,0.0999,-0.1009,-0.0612,0.0219,-0.0448,-0.0575,-0.0225,0.0197,0.0208,0.0042,0.0096,-0.0152,0.0236,-0.0306,-0.088,0.0259,-0.1461,0.0306,0.0369,-0.176,-0.0787,-0.0405,-7.3353,0.0139,-0.0368,-0.4307,0.7371,2.7388,0.1315,-0.0022,0.0699,-150.4496,-0.0358,-0.0327,0.3103,-0.0331,-0.4876,-0.0089,-4.837,-0.0495,0.1258,0.326,15785.1124,71830.4904,-864.6949,-0.0113,2.1662,0.0499,0.045,0.4658,0.0162,-0.0918,-0.0008,19724.2955,-7.242,-0.0,0.0084,-0.0049,0.0016,2035
